-- ============================================
-- llm_guard 系统管理员 完整初始化 SQL
-- 密码: 68-8CtBhug (bcrypt hash)
-- 执行顺序: roles → permissions → role_permissions → users → user_scenario_roles
-- ============================================

-- 1. 角色表 (roles) - 4个预置角色
INSERT INTO roles (id, role_code, role_name, role_type, description, is_system, is_active) VALUES
('r0000001-0000-0000-0000-000000000001', 'SYSTEM_ADMIN',   '系统管理员', 'GLOBAL',   '拥有所有权限', 1, 1),
('r0000002-0000-0000-0000-000000000002', 'SCENARIO_ADMIN', '场景管理员', 'SCENARIO', '管理指定场景',  1, 1),
('r0000003-0000-0000-0000-000000000003', 'ANNOTATOR',      '标注员',     'SCENARIO', '标注敏感词',    1, 1),
('r0000004-0000-0000-0000-000000000004', 'AUDITOR',        '审核员',     'GLOBAL',   '审核标注结果',  1, 1);

-- 2. 权限表 (permissions) - 14个权限
INSERT INTO permissions (id, permission_code, permission_name, permission_type, scope, parent_code, sort_order, description) VALUES
('p0000001-0000-0000-0000-000000000001', 'META_TAGS',           '分类标签管理', 'MENU', 'GLOBAL',   NULL, 1,  '管理元数据标签'),
('p0000002-0000-0000-0000-000000000002', 'GLOBAL_KEYWORDS',     '全局敏感词库', 'MENU', 'GLOBAL',   NULL, 2,  '管理全局敏感词'),
('p0000003-0000-0000-0000-000000000003', 'GLOBAL_POLICIES',     '全局默认策略', 'MENU', 'GLOBAL',   NULL, 3,  '管理全局默认规则'),
('p0000004-0000-0000-0000-000000000004', 'SCENARIOS',           '应用管理',     'MENU', 'GLOBAL',   NULL, 4,  '管理场景/应用'),
('p0000005-0000-0000-0000-000000000005', 'SCENARIO_KEYWORDS',   '场景敏感词',   'MENU', 'SCENARIO', NULL, 5,  '管理场景敏感词'),
('p0000006-0000-0000-0000-000000000006', 'SCENARIO_POLICIES',   '场景策略',     'MENU', 'SCENARIO', NULL, 6,  '管理场景规则'),
('p0000007-0000-0000-0000-000000000007', 'PLAYGROUND',          '测试工具',     'MENU', 'SCENARIO', NULL, 7,  '输入检测测试'),
('p0000008-0000-0000-0000-000000000008', 'PERFORMANCE_TEST',    '性能测试',     'MENU', 'SCENARIO', NULL, 8,  '性能压测'),
('p0000009-0000-0000-0000-000000000009', 'USER_MANAGEMENT',     '用户管理',     'MENU', 'GLOBAL',   NULL, 9,  '管理用户'),
('p0000010-0000-0000-0000-000000000010', 'ROLE_MANAGEMENT',     '角色管理',     'MENU', 'GLOBAL',   NULL, 10, '管理角色和权限'),
('p0000011-0000-0000-0000-000000000011', 'AUDIT_LOGS',          '审计日志',     'MENU', 'GLOBAL',   NULL, 11, '查看审计日志'),
('p0000012-0000-0000-0000-000000000012', 'SMART_LABELING',      '智能标注',     'MENU', 'GLOBAL',   NULL, 12, '智能标注管理'),
('p0000013-0000-0000-0000-000000000013', 'ANNOTATOR_STATS',     '标注统计',     'MENU', 'GLOBAL',   NULL, 13, '标注员统计'),
('p0000014-0000-0000-0000-000000000014', 'EVALUATION',          '安全测评',     'MENU', 'GLOBAL',   NULL, 14, '自动化安全测评');

-- 3. 角色-权限关联 (role_permissions) - SYSTEM_ADMIN 拥有全部14个权限
INSERT INTO role_permissions (id, role_id, permission_id) VALUES
('rp000001-0000-0000-0000-000000000001', 'r0000001-0000-0000-0000-000000000001', 'p0000001-0000-0000-0000-000000000001'),
('rp000002-0000-0000-0000-000000000002', 'r0000001-0000-0000-0000-000000000001', 'p0000002-0000-0000-0000-000000000002'),
('rp000003-0000-0000-0000-000000000003', 'r0000001-0000-0000-0000-000000000001', 'p0000003-0000-0000-0000-000000000003'),
('rp000004-0000-0000-0000-000000000004', 'r0000001-0000-0000-0000-000000000001', 'p0000004-0000-0000-0000-000000000004'),
('rp000005-0000-0000-0000-000000000005', 'r0000001-0000-0000-0000-000000000001', 'p0000005-0000-0000-0000-000000000005'),
('rp000006-0000-0000-0000-000000000006', 'r0000001-0000-0000-0000-000000000001', 'p0000006-0000-0000-0000-000000000006'),
('rp000007-0000-0000-0000-000000000007', 'r0000001-0000-0000-0000-000000000001', 'p0000007-0000-0000-0000-000000000007'),
('rp000008-0000-0000-0000-000000000008', 'r0000001-0000-0000-0000-000000000001', 'p0000008-0000-0000-0000-000000000008'),
('rp000009-0000-0000-0000-000000000009', 'r0000001-0000-0000-0000-000000000001', 'p0000009-0000-0000-0000-000000000009'),
('rp000010-0000-0000-0000-000000000010', 'r0000001-0000-0000-0000-000000000001', 'p0000010-0000-0000-0000-000000000010'),
('rp000011-0000-0000-0000-000000000011', 'r0000001-0000-0000-0000-000000000001', 'p0000011-0000-0000-0000-000000000011'),
('rp000012-0000-0000-0000-000000000012', 'r0000001-0000-0000-0000-000000000001', 'p0000012-0000-0000-0000-000000000012'),
('rp000013-0000-0000-0000-000000000013', 'r0000001-0000-0000-0000-000000000001', 'p0000013-0000-0000-0000-000000000013'),
('rp000014-0000-0000-0000-000000000014', 'r0000001-0000-0000-0000-000000000001', 'p0000014-0000-0000-0000-000000000014');
